{"Grade level":"10th(Sophomore)","Name":"test","Weight(lbs)":100,"Horizantal distance":10,"Vertical distane":5,"Time(S)":5,"Total distance":11.180339887498949,"Mass(Kgs)":45.359237,"Vertical Velocity":1,"Horizantal velocity":2,"Average velocity":2.23606797749979,"Average acccleration":0.447213595499958,"Total Force(Newtons)":20.285267467904728,"work":226.79618500000004,"Total Power":45.35923700000001,"HorsePower":0.06082772830897144,"Image":"images/PHX-1768781522296-0000.jpeg","ID":"PHX-1768781522296-0000"}
{"Grade level":"10th(Sophomore)","Name":"test 2","Weight(lbs)":200,"Horizantal distance":50,"Vertical distane":10,"Time(S)":10,"Total distance":50.99019513592785,"Mass(Kgs)":90.718474,"Vertical Velocity":1,"Horizantal velocity":5,"Average velocity":5.0990195135927845,"Average acccleration":0.5099019513592784,"Total Force(Newtons)":46.257526916935966,"work":2358.680324,"Total Power":235.8680324,"HorsePower":0.31630418720665143,"Image":"images/PHX-1768781525909-0001.png","ID":"PHX-1768781525909-0001"}
{"Grade level":"10th(Sophomore)","Name":"hudosn","Weight(lbs)":180,"Horizantal distance":10,"Vertical distane":10,"Time(S)":17,"Total distance":14.142135623730951,"Mass(Kgs)":81.6466266,"Vertical Velocity":0.5882352941176471,"Horizantal velocity":0.5882352941176471,"Average velocity":0.831890330807703,"Average acccleration":0.04893472534162959,"Total Force(Newtons)":3.995355247741589,"work":56.502855778546724,"Total Power":3.3236973987380427,"HorsePower":0.004457150863266786,"Image":"images/PHX-1768781527922-0002.heif","ID":"PHX-1768781527922-0002"}
{"Grade level":"10th(Sophomore)","Name":"tset 3","Weight(lbs)":300,"Horizantal distance":0,"Vertical distane":100,"Time(S)":1,"Total distance":100,"Mass(Kgs)":136.077711,"Vertical Velocity":100,"Horizantal velocity":0,"Average velocity":100,"Average acccleration":100,"Total Force(Newtons)":13607.7711,"work":1360777.11,"Total Power":1360777.11,"HorsePower":1824.831849269143,"Image":"","ID":"PHX-1768781532434-0003"}
{"Grade level":"10th(Sophomore)","Name":"BOB TEST","Weight(lbs)":100,"Horizantal distance":15,"Vertical distane":0,"Time(S)":5,"Total distance":15,"Mass(Kgs)":45.359237,"Vertical Velocity":0,"Horizantal velocity":3,"Average velocity":3,"Average acccleration":0.6,"Total Force(Newtons)":27.215542199999998,"work":408.23313299999995,"Total Power":81.64662659999999,"HorsePower":0.10948991095614856,"Image":"images/PHX-1768781533903-0004.jpeg","ID":"PHX-1768781533903-0004"}