{"Grade level":"10th(Sophomore)","Name":"test","Weight(lbs)":100,"Horizantal distance":10,"Vertical distane":5,"Time(S)":5,"Total distance":11.180339887498949,"Mass(Kgs)":45.359237,"Vertical Velocity":1,"Horizantal velocity":2,"Average velocity":2.23606797749979,"Average acccleration":0.447213595499958,"Total Force(Newtons)":20.285267467904728,"work":226.79618500000004,"Total Power":45.35923700000001,"HorsePower":0.06082772830897144,"Image":"docs/images/PHX-1768782515845-0000.jpeg","ID":"PHX-1768782515845-0000","Use":"Y"}
{"Grade level":"10th(Sophomore)","Name":"test 2","Weight(lbs)":200,"Horizantal distance":50,"Vertical distane":10,"Time(S)":10,"Total distance":50.99019513592785,"Mass(Kgs)":90.718474,"Vertical Velocity":1,"Horizantal velocity":5,"Average velocity":5.0990195135927845,"Average acccleration":0.5099019513592784,"Total Force(Newtons)":46.257526916935966,"work":2358.680324,"Total Power":235.8680324,"HorsePower":0.31630418720665143,"Image":"docs/images/PHX-1768782517698-0001.png","ID":"PHX-1768782517698-0001","Use":"Y"}
{"Grade level":"10th(Sophomore)","Name":"BOB TEST","Weight(lbs)":100,"Horizantal distance":15,"Vertical distane":0,"Time(S)":5,"Total distance":15,"Mass(Kgs)":45.359237,"Vertical Velocity":0,"Horizantal velocity":3,"Average velocity":3,"Average acccleration":0.6,"Total Force(Newtons)":27.215542199999998,"work":408.23313299999995,"Total Power":81.64662659999999,"HorsePower":0.10948991095614856,"Image":"docs/images/PHX-1768782520106-0004.jpeg","ID":"PHX-1768782520106-0004","Use":"Y"}